block,recipe,window,width,screen_height,visible_height_estimate,candidate,nav,sheet_columns,balance,log,sheet_w,table_w,balance_w,name_column_min,names_wrapping,max_name_rows,page_height,screens_of_scroll,y_ingredients,y_table_bottom,y_total_row,y_balance,balance_screens_down,y_log,log_screens_down,instructions_region_h,pen_h_record_another,pen_h_with_add_tasting,page_height_with_other_blocks_instructions_estimate,chrome_page_height,chrome_name_column_min,note
A,Mexican Chocolate v3,iPad mini portrait,744,1133,1063,all candidates (tab row as built),tab row,one column,below,below,680,584,584,376.5,0,1,3526,3.3,884,1633,1583,1670,1.6,3147,3.0,214,622,1443,4566,3509,377.8,
A,Mexican Chocolate v3,iPad mini portrait,744,1133,1063,"FINAL DESIGN (fly-out + sticky bar from 984, Go to batch row, D3 from 724)",tab row,one column,below,below,680,584,584,376.5,0,1,3602,3.4,960,1709,1659,1746,1.6,3223,3.0,214,622,1443,4642,3585,377.8,
A,Mexican Chocolate v3,iPad mini portrait,744,1133,1063,OPTION: sticky bar + fly-out from 724 (no tab row),no rail,one column,below,below,680,584,584,376.5,0,1,3541,3.3,955,1704,1654,1741,1.6,3218,3.0,214,622,1443,4581,3523,377.8,option: the bar and the fly-out instead of the tab row
A,Mexican Chocolate v3,11in iPad Pro portrait,834,1194,1124,all candidates (tab row as built),tab row,one column,below,below,770,674,674,466.5,0,1,3487,3.1,860,1609,1559,1646,1.5,3108,2.8,199,622,1443,4504,3443,467.8,
A,Mexican Chocolate v3,11in iPad Pro portrait,834,1194,1124,"FINAL DESIGN (fly-out + sticky bar from 984, Go to batch row, D3 from 724)",tab row,one column,below,below,770,674,674,466.5,0,1,3563,3.2,936,1685,1635,1722,1.5,3184,2.8,199,622,1443,4580,3519,467.8,
A,Mexican Chocolate v3,11in iPad Pro portrait,834,1194,1124,OPTION: sticky bar + fly-out from 724 (no tab row),no rail,one column,below,below,770,674,674,466.5,0,1,3502,3.1,931,1680,1630,1717,1.5,3179,2.8,199,622,1443,4519,3457,467.8,option: the bar and the fly-out instead of the tab row
A,Mexican Chocolate v3,12.9in iPad Pro portrait,1024,1366,1296,today,rail 224,two columns,beside,below,736,405.3,202.7,197.8,0,1,2991,2.3,902,1653,1603,902,0.7,2668,2.1,551,622,1443,3867,2903,199.1,
A,Mexican Chocolate v3,12.9in iPad Pro portrait,1024,1366,1296,L,tab row,two columns,beside,below,960,554.7,277.3,347.1,0,1,2753,2.1,878,1627,1577,878,0.7,2389,1.8,410,622,1443,3617,2668,348.5,
A,Mexican Chocolate v3,12.9in iPad Pro portrait,1024,1366,1296,f collapsed,rail 57,two columns,beside,below,903,516.7,258.3,309.1,0,1,2742,2.1,878,1627,1577,878,0.7,2434,1.9,432,622,1443,3584,2654,310.5,
A,Mexican Chocolate v3,12.9in iPad Pro portrait,1024,1366,1296,f expanded,rail 224,one column,below,below,736,640,640,432.5,0,1,3476,2.7,890,1639,1589,1676,1.3,3153,2.4,214,622,1443,4497,3444,433.8,
A,Mexican Chocolate v3,12.9in iPad Pro portrait,1024,1366,1296,g closed,no rail,two columns,beside,below,960,554.7,277.3,347.1,0,1,2697,2.1,878,1627,1577,878,0.7,2389,1.8,410,622,1443,3561,2612,348.5,
A,Mexican Chocolate v3,12.9in iPad Pro portrait,1024,1366,1296,"FINAL DESIGN (fly-out + sticky bar from 984, Go to batch row, D3 from 724)",no rail,two columns,beside,below,960,554.7,277.3,347.1,0,1,2762,2.1,943,1692,1642,943,0.7,2454,1.9,410,622,1443,3626,2677,348.5,
A,Mexican Chocolate v3,iPad mini landscape,1133,744,674,today,rail 224,two columns,beside,below,845,478,239,270.5,0,1,2847,4.2,878,1627,1577,878,1.3,2539,3.8,492,622,1443,3667,2724,271.8,
A,Mexican Chocolate v3,iPad mini landscape,1133,744,674,L,tab row,two columns,beside,below,1069,627.3,313.7,419.8,0,1,2654,3.9,854,1603,1553,854,1.3,2290,3.4,372,622,1443,3536,2602,421.1,
A,Mexican Chocolate v3,iPad mini landscape,1133,744,674,f collapsed,rail 57,two columns,beside,below,1012,589.3,294.7,381.8,0,1,2628,3.9,854,1603,1553,854,1.3,2320,3.4,387,622,1443,3495,2574,383.1,
A,Mexican Chocolate v3,iPad mini landscape,1133,744,674,f expanded,rail 224,one column,below,below,845,749,749,541.5,0,1,3392,5.0,866,1615,1565,1652,2.5,3084,4.6,199,622,1443,4409,3377,542.8,
A,Mexican Chocolate v3,iPad mini landscape,1133,744,674,g closed,no rail,two columns,beside,below,1069,627.3,313.7,419.8,0,1,2598,3.9,854,1603,1553,854,1.3,2290,3.4,372,622,1443,3480,2546,421.1,
A,Mexican Chocolate v3,iPad mini landscape,1133,744,674,"FINAL DESIGN (fly-out + sticky bar from 984, Go to batch row, D3 from 724)",no rail,two columns,beside,below,1069,627.3,313.7,419.8,0,1,2663,4.0,919,1668,1618,919,1.4,2355,3.5,372,622,1443,3545,2611,421.1,
A,Mexican Chocolate v3,11in iPad Pro landscape,1194,834,764,today,rail 224,two columns,beside,below,906,518.7,259.3,311.1,0,1,2727,3.6,878,1627,1577,878,1.1,2419,3.2,425,622,1443,3576,2654,312.5,
A,Mexican Chocolate v3,11in iPad Pro landscape,1194,834,764,L,tab row,two columns,beside,below,1130,668,334,460.5,0,1,2624,3.4,854,1603,1553,854,1.1,2260,3.0,350,622,1443,3490,2588,461.8,
A,Mexican Chocolate v3,11in iPad Pro landscape,1194,834,764,f collapsed,rail 57,two columns,beside,below,1073,630,315,422.5,0,1,2598,3.4,854,1603,1553,854,1.1,2290,3.0,372,622,1443,3480,2546,423.8,
A,Mexican Chocolate v3,11in iPad Pro landscape,1194,834,764,f expanded,rail 224,one column,below,below,906,810,810,602.5,0,1,3392,4.4,866,1615,1565,1652,2.2,3084,4.0,199,622,1443,4409,3363,603.8,
A,Mexican Chocolate v3,11in iPad Pro landscape,1194,834,764,g closed,no rail,two columns,beside,below,1130,668,334,460.5,0,1,2568,3.4,854,1603,1553,854,1.1,2260,3.0,350,622,1443,3434,2532,461.8,
A,Mexican Chocolate v3,11in iPad Pro landscape,1194,834,764,"FINAL DESIGN (fly-out + sticky bar from 984, Go to batch row, D3 from 724)",no rail,two columns,beside,below,1130,668,334,460.5,0,1,2633,3.4,919,1668,1618,919,1.2,2325,3.0,350,622,1443,3499,2597,461.8,
A,Mexican Chocolate v3,12.9in iPad Pro landscape,1366,1024,954,today,rail 224,two columns,beside,beside,696,378.7,189.3,171.1,1,2,2608,2.7,760,1514,1464,760,0.8,611,0.6,582,725,2168,3483,2503,172.5,
A,Mexican Chocolate v3,12.9in iPad Pro landscape,1366,1024,954,L,tab row,two columns,beside,beside,920,528,264,320.5,0,1,2377,2.5,760,1509,1459,760,0.8,611,0.6,425,725,2168,3226,2307,321.8,
A,Mexican Chocolate v3,12.9in iPad Pro landscape,1366,1024,954,f collapsed,rail 57,two columns,beside,beside,863,490,245,282.5,0,1,2396,2.5,760,1509,1459,760,0.8,611,0.6,470,725,2168,3238,2293,283.8,
A,Mexican Chocolate v3,12.9in iPad Pro landscape,1366,1024,954,f expanded,rail 224,two columns,beside,below,1077,632.7,316.3,425.1,0,1,2598,2.7,854,1603,1553,854,0.9,2290,2.4,372,622,1443,3480,2532,426.5,"measured at 1365 (the log below), 1px narrower"
A,Mexican Chocolate v3,12.9in iPad Pro landscape,1366,1024,954,g closed,no rail,two columns,beside,beside,920,528,264,320.5,0,1,2321,2.4,760,1509,1459,760,0.8,611,0.6,425,725,2168,3170,2251,321.8,
A,Mexican Chocolate v3,12.9in iPad Pro landscape,1366,1024,954,"FINAL DESIGN (fly-out + sticky bar from 984, Go to batch row, D3 from 724)",no rail,two columns,beside,beside,920,528,264,320.5,0,1,2310,2.4,749,1498,1448,749,0.8,600,0.6,425,725,2168,3159,2240,321.8,
B,Olive Oil v1,iPad mini portrait,744,1133,1063,all candidates (tab row as built),tab row,one column,below,below,680,584,584,376.5,0,1,4683,4.4,594,1348,1314,1385,1.3,3815,3.6,1254,622,1443,,4645,377.8,
B,Olive Oil v1,iPad mini portrait,744,1133,1063,"FINAL DESIGN (fly-out + sticky bar from 984, Go to batch row, D3 from 724)",tab row,one column,below,below,680,584,584,376.5,0,1,4759,4.5,670,1424,1390,1461,1.4,3891,3.7,1254,622,1443,,4721,377.8,
B,Olive Oil v1,iPad mini portrait,744,1133,1063,OPTION: sticky bar + fly-out from 724 (no tab row),no rail,one column,below,below,680,584,584,376.5,0,1,4698,4.4,665,1419,1385,1456,1.4,3886,3.7,1254,622,1443,,4659,377.8,option: the bar and the fly-out instead of the tab row
B,Olive Oil v1,11in iPad Pro portrait,834,1194,1124,all candidates (tab row as built),tab row,one column,below,below,770,674,674,466.5,0,1,4600,4.1,594,1348,1314,1385,1.2,3747,3.3,1216,622,1443,,4578,467.8,
B,Olive Oil v1,11in iPad Pro portrait,834,1194,1124,"FINAL DESIGN (fly-out + sticky bar from 984, Go to batch row, D3 from 724)",tab row,one column,below,below,770,674,674,466.5,0,1,4676,4.2,670,1424,1390,1461,1.3,3823,3.4,1216,622,1443,,4654,467.8,
B,Olive Oil v1,11in iPad Pro portrait,834,1194,1124,OPTION: sticky bar + fly-out from 724 (no tab row),no rail,one column,below,below,770,674,674,466.5,0,1,4615,4.1,665,1419,1385,1456,1.3,3818,3.4,1216,622,1443,,4592,467.8,option: the bar and the fly-out instead of the tab row
B,Olive Oil v1,12.9in iPad Pro portrait,1024,1366,1296,today,rail 224,two columns,beside,below,736,405.3,202.7,197.8,0,1,3747,2.9,612,1366,1332,612,0.5,2950,2.3,1427,622,1443,,3740,199.1,
B,Olive Oil v1,12.9in iPad Pro portrait,1024,1366,1296,L,tab row,two columns,beside,below,960,554.7,277.3,347.1,0,1,3635,2.8,612,1366,1332,612,0.5,2797,2.2,1274,622,1443,,3628,348.5,
B,Olive Oil v1,12.9in iPad Pro portrait,1024,1366,1296,f collapsed,rail 57,two columns,beside,below,903,516.7,258.3,309.1,0,1,3579,2.8,612,1366,1332,612,0.5,2797,2.2,1274,622,1443,,3572,310.5,
B,Olive Oil v1,12.9in iPad Pro portrait,1024,1366,1296,f expanded,rail 224,one column,below,below,736,640,640,432.5,0,1,4569,3.5,600,1354,1320,1391,1.1,3772,2.9,1235,622,1443,,4546,433.8,
B,Olive Oil v1,12.9in iPad Pro portrait,1024,1366,1296,g closed,no rail,two columns,beside,below,960,554.7,277.3,347.1,0,1,3579,2.8,612,1366,1332,612,0.5,2797,2.2,1274,622,1443,,3572,348.5,
B,Olive Oil v1,12.9in iPad Pro portrait,1024,1366,1296,"FINAL DESIGN (fly-out + sticky bar from 984, Go to batch row, D3 from 724)",no rail,two columns,beside,below,960,554.7,277.3,347.1,0,1,3644,2.8,677,1431,1397,677,0.5,2862,2.2,1274,622,1443,,3637,348.5,
B,Olive Oil v1,iPad mini landscape,1133,744,674,today,rail 224,two columns,beside,below,845,478,239,270.5,0,1,3617,5.4,612,1366,1332,612,0.9,2835,4.2,1312,622,1443,,3610,271.8,
B,Olive Oil v1,iPad mini landscape,1133,744,674,L,tab row,two columns,beside,below,1069,627.3,313.7,419.8,0,1,3615,5.4,612,1366,1332,612,0.9,2777,4.1,1254,622,1443,,3608,421.1,
B,Olive Oil v1,iPad mini landscape,1133,744,674,f collapsed,rail 57,two columns,beside,below,1012,589.3,294.7,381.8,0,1,3559,5.3,612,1366,1332,612,0.9,2777,4.1,1254,622,1443,,3552,383.1,
B,Olive Oil v1,iPad mini landscape,1133,744,674,f expanded,rail 224,one column,below,below,845,749,749,541.5,0,1,4535,6.7,600,1354,1320,1391,2.1,3753,5.6,1216,622,1443,,4512,542.8,
B,Olive Oil v1,iPad mini landscape,1133,744,674,g closed,no rail,two columns,beside,below,1069,627.3,313.7,419.8,0,1,3559,5.3,612,1366,1332,612,0.9,2777,4.1,1254,622,1443,,3552,421.1,
B,Olive Oil v1,iPad mini landscape,1133,744,674,"FINAL DESIGN (fly-out + sticky bar from 984, Go to batch row, D3 from 724)",no rail,two columns,beside,below,1069,627.3,313.7,419.8,0,1,3624,5.4,677,1431,1397,677,1.0,2842,4.2,1254,622,1443,,3617,421.1,
B,Olive Oil v1,11in iPad Pro landscape,1194,834,764,today,rail 224,two columns,beside,below,906,518.7,259.3,311.1,0,1,3579,4.7,612,1366,1332,612,0.8,2797,3.7,1274,622,1443,,3572,312.5,
B,Olive Oil v1,11in iPad Pro landscape,1194,834,764,L,tab row,two columns,beside,below,1130,668,334,460.5,0,1,3577,4.7,612,1366,1332,612,0.8,2739,3.6,1216,622,1443,,3570,461.8,
B,Olive Oil v1,11in iPad Pro landscape,1194,834,764,f collapsed,rail 57,two columns,beside,below,1073,630,315,422.5,0,1,3559,4.7,612,1366,1332,612,0.8,2777,3.6,1254,622,1443,,3552,423.8,
B,Olive Oil v1,11in iPad Pro landscape,1194,834,764,f expanded,rail 224,one column,below,below,906,810,810,602.5,0,1,4535,5.9,600,1354,1320,1391,1.8,3753,4.9,1216,622,1443,,4498,603.8,
B,Olive Oil v1,11in iPad Pro landscape,1194,834,764,g closed,no rail,two columns,beside,below,1130,668,334,460.5,0,1,3521,4.6,612,1366,1332,612,0.8,2739,3.6,1216,622,1443,,3514,461.8,
B,Olive Oil v1,11in iPad Pro landscape,1194,834,764,"FINAL DESIGN (fly-out + sticky bar from 984, Go to batch row, D3 from 724)",no rail,two columns,beside,below,1130,668,334,460.5,0,1,3586,4.7,677,1431,1397,677,0.9,2804,3.7,1216,622,1443,,3579,461.8,
B,Olive Oil v1,12.9in iPad Pro landscape,1366,1024,954,today,rail 224,two columns,beside,beside,696,378.7,189.3,171.1,0,1,3059,3.2,628,1411,1377,628,0.7,422,0.4,1457,725,2441,,3002,172.5,
B,Olive Oil v1,12.9in iPad Pro landscape,1366,1024,954,L,tab row,two columns,beside,beside,920,528,264,320.5,0,1,2889,3.0,628,1382,1348,628,0.7,422,0.4,1274,725,2441,,2875,321.8,
B,Olive Oil v1,12.9in iPad Pro landscape,1366,1024,954,f collapsed,rail 57,two columns,beside,beside,863,490,245,282.5,0,1,2871,3.0,628,1382,1348,628,0.7,422,0.4,1312,725,2441,,2857,283.8,
B,Olive Oil v1,12.9in iPad Pro landscape,1366,1024,954,f expanded,rail 224,two columns,beside,below,1077,632.7,316.3,425.1,0,1,3559,3.7,612,1366,1332,612,0.6,2777,2.9,1254,622,1443,,3552,426.5,"measured at 1365 (the log below), 1px narrower"
B,Olive Oil v1,12.9in iPad Pro landscape,1366,1024,954,g closed,no rail,two columns,beside,beside,920,528,264,320.5,0,1,2833,3.0,628,1382,1348,628,0.7,422,0.4,1274,725,2441,,2819,321.8,
B,Olive Oil v1,12.9in iPad Pro landscape,1366,1024,954,"FINAL DESIGN (fly-out + sticky bar from 984, Go to batch row, D3 from 724)",no rail,two columns,beside,beside,920,528,264,320.5,0,1,2822,3.0,617,1371,1337,617,0.6,411,0.4,1274,725,2441,,2808,321.8,
